Individual,Peptide,RT,Source File,Scan,Classification,#Spec,Intensity,Area
PID24,AINVDR,15.6335,PD24.raw,1802,Both,1,269000.0,74200.0
PID24,AINVDRTALVLTPLK,34.215,PD24.raw,7135,AMELX-unique,1,1010000.0,255000.0
PID24,ALVLTPLK,27.3752,PD24.raw,5221,Both,1,1080000.0,355000.0
PID24,DKTKREEVD,18.129,PD24.raw,2607,AMELX-unique,2,22000000.0,11700000.0
PID24,DLTLEAW,38.3316,PD24.raw,8281,AMELX-unique,1,1790000.0,554000.0
PID24,DLTLEAWP,40.5826,PD24.raw,8858,AMELX-unique,2,7880000.0,2450000.0
PID24,DLTLEAWPSTDK,27.5544,PD24.raw,5195,AMELX-unique,1,2170000.0,1460000.0
PID24,EVLTPLK,22.0754,PD24.raw,3631,Both,4,33170000.0,7574000.0
PID24,EVLTPLKWYQ,40.1089,PD24.raw,8742,Both,3,7555000.0,1606000.0
PID24,FSYEVLTP,39.7,PD24.raw,8599,Both,1,2480000.0,808000.0
PID24,FSYEVLTPL,46.7967,PD24.raw,10173,Both,1,6500000.0,1170000.0
PID24,FSYEVLTPLK,35.9857,PD24.raw,7767,Both,4,66430000.0,15760000.0
PID24,GHPGYIN,17.8108,PD24.raw,2583,Both,1,4050000.0,1517000.0
PID24,GHPGYINF,28.7649,PD24.raw,5540,Both,5,99698000.0,30304000.0
PID24,GHPGYINFS,29.5553,PD24.raw,5765,Both,1,6040000.0,3270000.0
PID24,GHPGYINFSYEVLTPLK,41.4228,PD24.raw,9074,Both,1,341000.0,395000.0
PID24,GYEPMG,15.1953,PD24.raw,1693,Both,1,5490000.0,1170000.0
PID24,GYEPMGG,14.8505,PD24.raw,1587,Both,1,1840000.0,433000.0
PID24,GYEPMGGW,22.3919,PD24.raw,3699,Both,1,8240000.0,2820000.0
PID24,GYINFS,28.8702,PD24.raw,5619,Both,1,18560000.0,4655000.0
PID24,GYINFSYEVLTPLK,43.3064,PD24.raw,9639,Both,1,3289000.0,1414300.0
PID24,HHQIIPVL,47.3407,PD24.raw,10277,AMELX-unique,1,1470000.0,548000.0
PID24,HHQIIPVLS,44.0754,PD24.raw,9743,AMELX-unique,2,1270000.0,490700.0
PID24,HPGYIN,19.3047,PD24.raw,2768,Both,1,1630000.0,623000.0
PID24,HPGYINF,30.1134,PD24.raw,5950,Both,7,157964000.0,50096000.0
PID24,HPGYINFS,28.7649,PD24.raw,5525,Both,3,9383000.0,4574000.0
PID24,HPGYINFSYEVLTPLK,46.0364,PD24.raw,9988,Both,1,321000.0,101800.0
PID24,HQIIPVL,35.5244,PD24.raw,7409,AMELX-unique,1,7288000.0,3430000.0
PID24,HQIIPVLS,32.0435,PD24.raw,6492,AMELX-unique,1,7920000.0,3109000.0
PID24,HQIIPVLSQ,32.5687,PD24.raw,6686,AMELX-unique,1,606000.0,78100.0
PID24,INFSYEVL,45.2371,PD24.raw,9841,Both,1,1377000.0,405000.0
PID24,INFSYEVLT,42.0487,PD24.raw,9273,Both,1,616000.0,137000.0
PID24,INFSYEVLTPL,47.4307,PD24.raw,10319,Both,1,9900000.0,1500000.0
PID24,INFSYEVLTPLK,40.2469,PD24.raw,8850,Both,1,46779000.0,20613000.0
PID24,INVDRTALVLTPLK,34.7502,PD24.raw,7267,AMELX-unique,1,349000.0,158000.0
PID24,IPVVPAQ,23.2188,PD24.raw,4021,Both,1,714000.0,125000.0
PID24,IRPPYP,23.2188,PD24.raw,3854,AMELX-unique,2,76500000.0,22000000.0
PID24,IRPPYPSY,25.3725,PD24.raw,4519,AMELX-unique,1,3090000.0,1730000.0
PID24,IRPPYPSYG,24.4314,PD24.raw,4353,AMELX-unique,2,10400000.0,2650000.0
PID24,LHHQIIP,32.9724,PD24.raw,6768,Both,1,1530000.0,479000.0
PID24,LHHQIIPVL,46.3691,PD24.raw,10021,AMELX-unique,2,3640000.0,1440000.0
PID24,LHHQIIPVLS,41.5273,PD24.raw,9214,AMELX-unique,2,4490000.0,2719000.0
PID24,LPPHPG,16.1687,PD24.raw,1837,Both,10,573000000.0,95200000.0
PID24,LPPHPGH,16.834,PD24.raw,2329,Both,4,32600000.0,11800000.0
PID24,LPPHPGHP,17.3189,PD24.raw,2187,Both,5,27326000.0,11716000.0
PID24,LPPHPGHPG,17.7356,PD24.raw,2444,Both,11,149300000.0,51420000.0
PID24,LPPHPGHPGY,22.4192,PD24.raw,3957,Both,3,9970000.0,5060000.0
PID24,LPPHPGHPGYIN,24.935,PD24.raw,4253,Both,6,71500000.0,49300000.0
PID24,LPPHPGHPGYINF,32.8802,PD24.raw,6657,Both,24,1029600001.0,351600001.0
PID24,LPPHPGHPGYINFS,32.2911,PD24.raw,6559,Both,7,34160000.0,28720000.0
PID24,LPPQPPLPPMFP,36.096,PD24.raw,7669,AMELX-unique,1,758000.0,930000.0
PID24,LVLTPLK,25.9693,PD24.raw,4775,Both,1,1860000.0,572000.0
PID24,MMPVPGQH,14.5407,PD24.raw,1542,AMELX-unique,1,895000.0,238000.0
PID24,MPLPPH,17.4881,PD24.raw,2338,Both,8,363630000.0,56180000.0
PID24,MPLPPHP,19.6401,PD24.raw,3158,Both,10,538216001.0,93341001.0
PID24,MPLPPHPG,17.7356,PD24.raw,2972,Both,13,3594600000.0,559500000.0
PID24,MPLPPHPGEPG,18.129,PD24.raw,2597,AMELX-unique,1,2910000.0,3530000.0
PID24,MPLPPHPGEPGYINF,32.3622,PD24.raw,6603,AMELX-unique,1,1.0,1.0
PID24,MPLPPHPGH,18.965,PD24.raw,2799,Both,13,422710000.0,109920000.0
PID24,MPLPPHPGHP,21.0613,PD24.raw,3253,Both,15,319625000.0,81563000.0
PID24,MPLPPHPGHPG,20.4292,PD24.raw,3418,Both,23,1493320000.0,313310000.0
PID24,MPLPPHPGHPGY,22.6177,PD24.raw,4057,Both,5,42000000.0,29700000.0
PID24,MPLPPHPGHPGYIN,23.2052,PD24.raw,4008,Both,11,231010001.0,74550001.0
PID24,MPLPPHPGHPGYINF,32.1051,PD24.raw,7653,Both,31,2046960001.0,874719001.0
PID24,MPLPPHPGHPGYINFS,31.2471,PD24.raw,6213,Both,6,70620001.0,39050001.0
PID24,MQPLPPM,18.4645,PD24.raw,2590,AMELX-unique,1,1150000.0,930000.0
PID24,MQPLPPMLP,29.2424,PD24.raw,5687,AMELX-unique,1,525000.0,565000.0
PID24,MQPLPPMLPDL,36.1592,PD24.raw,7983,AMELX-unique,1,2750000.0,3360000.0
PID24,MQPQPPVHP,17.7356,PD24.raw,2347,Both,1,653000.0,311000.0
PID24,NFSYEVLTPL,47.5195,PD24.raw,10352,Both,1,2650000.0,372000.0
PID24,NFSYEVLTPLK,38.4473,PD24.raw,8249,Both,6,19699000.0,4941000.0
PID24,PGHPGY,15.6472,PD24.raw,1817,Both,1,273000.0,85300.0
PID24,PGHPGYINF,28.7308,PD24.raw,5559,Both,7,62416000.0,20085000.0
PID24,PGHPGYINFS,28.0862,PD24.raw,5484,Both,1,2860000.0,1380000.0
PID24,PGHPGYINFSYEVLTPLK,41.4765,PD24.raw,9119,Both,1,1.0,1.0
PID24,PGYINF,32.2561,PD24.raw,6599,Both,1,37640000.0,8027000.0
PID24,PGYINFS,36.0111,PD24.raw,7618,Both,1,3044000.0,632000.0
PID24,PGYINFSYEVLTPLK,44.1528,PD24.raw,9659,Both,1,962000.0,410500.0
PID24,PHPGHP,17.482,PD24.raw,2003,Both,1,3800000.0,6600000.0
PID24,PHPGHPGYIN,24.2586,PD24.raw,4219,Both,1,1530000.0,935000.0
PID24,PHPGHPGYINF,33.4793,PD24.raw,6897,Both,7,20910000.0,9224000.0
PID24,PLPPHP,18.129,PD24.raw,2771,Both,2,10600000.0,3950000.0
PID24,PLPPHPG,17.5017,PD24.raw,2443,Both,4,188000000.0,27700000.0
PID24,PLPPHPGH,18.7805,PD24.raw,2295,Both,1,6750000.0,11400000.0
PID24,PLPPHPGHP,19.6747,PD24.raw,3099,Both,4,6450000.0,3240000.0
PID24,PLPPHPGHPG,18.4509,PD24.raw,2481,Both,5,29854000.0,13385000.0
PID24,PLPPHPGHPGYIN,24.9105,PD24.raw,4540,Both,2,9850000.0,5640000.0
PID24,PLPPHPGHPGYINF,32.2295,PD24.raw,6523,Both,6,83500000.0,37891000.0
PID24,PPHPGH,17.482,PD24.raw,2195,Both,1,3800000.0,6600000.0
PID24,PPHPGHPGYIN,23.7409,PD24.raw,4132,Both,3,1542000.0,622000.0
PID24,PPHPGHPGYINF,34.233,PD24.raw,7125,Both,3,9900000.0,6500000.0
PID24,PQPPVHP,17.0336,PD24.raw,2180,Both,1,293000.0,115000.0
PID24,PSTDKTKREEVD,18.129,PD24.raw,2509,AMELX-unique,4,83700000.0,27000000.0
PID24,PSYGYEPMG,20.1346,PD24.raw,3054,AMELX-unique,1,1820000.0,303000.0
PID24,PSYGYEPMGG,19.8102,PD24.raw,2965,AMELX-unique,1,665000.0,92500.0
PID24,QAINVDRTA,18.1649,PD24.raw,2503,AMELX-unique,1,816000.0,165000.0
PID24,QAINVDRTALVLTPLK,34.2778,PD24.raw,7145,AMELX-unique,1,977000.0,242000.0
PID24,QHPPTH,13.0563,PD24.raw,1272,AMELX-unique,1,689000.0,297000.0
PID24,QHPPTHT,14.0909,PD24.raw,1453,AMELX-unique,1,878000.0,322000.0
PID24,QIIPVLSQQHPPTH,33.7109,PD24.raw,6971,AMELX-unique,1,2020000.0,522000.0
PID24,QPLPPMLP,39.23,PD24.raw,8551,AMELX-unique,1,1020000.0,1590000.0
PID24,QPLPPQPPLPPMFP,46.6014,PD24.raw,10159,AMELX-unique,1,7600000.0,4077000.0
PID24,QPMQPQPPVHP,21.5633,PD24.raw,3356,Both,1,4110000.0,1480000.0
PID24,QPPLPPMFP,43.2926,PD24.raw,9516,Both,4,3490000.0,1440000.0
PID24,QPQPPVH,18.3072,PD24.raw,2511,Both,1,462000.0,118000.0
PID24,QPQPPVHP,21.5305,PD24.raw,3374,Both,1,7740000.0,3100000.0
PID24,QPYQPQP,23.447,PD24.raw,4014,AMELX-unique,1,947000.0,215000.0
PID24,QQHPPT,13.6332,PD24.raw,1448,AMELX-unique,1,1060000.0,308000.0
PID24,QQHPPTH,13.2637,PD24.raw,1295,AMELX-unique,1,1952000.0,706000.0
PID24,QQPVIPQQP,28.0053,PD24.raw,5357,AMELX-unique,1,814000.0,124000.0
PID24,QSIRPPYP,23.3638,PD24.raw,4097,AMELX-unique,1,16360000.0,9450000.0
PID24,RTALVLTP,27.6362,PD24.raw,5263,AMELX-unique,1,919000.0,337000.0
PID24,SIRPPYP,23.1434,PD24.raw,3822,AMELX-unique,9,678000000.0,133000000.0
PID24,SIRPPYPS,21.4541,PD24.raw,3323,AMELX-unique,1,11400000.0,5470000.0
PID24,SIRPPYPSY,25.2435,PD24.raw,4570,AMELX-unique,2,65300000.0,15900000.0
PID24,SIRPPYPSYG,24.3786,PD24.raw,4175,AMELX-unique,3,112000000.0,24500000.0
PID24,SIRPPYPSYGY,27.9035,PD24.raw,5328,AMELX-unique,1,1560000.0,594000.0
PID24,SIRPPYPSYGYEPM,27.3752,PD24.raw,5183,AMELX-unique,1,28800000.0,11300000.0
PID24,SIRPPYPSYGYEPMG,27.3709,PD24.raw,5144,AMELX-unique,1,84200000.0,32929000.0
PID24,SIRPPYPSYGYEPMGG,26.974,PD24.raw,5078,AMELX-unique,2,21000000.0,9420000.0
PID24,SIRPPYPSYGYEPMGGW,31.5646,PD24.raw,6297,AMELX-unique,1,5210000.0,9730000.0
PID24,SMTPIQH,14.1936,PD24.raw,1498,AMELX-unique,1,807000.0,278000.0
PID24,SQAINVD,19.0661,PD24.raw,2723,Both,1,680000.0,144000.0
PID24,SQAINVDR,17.1241,PD24.raw,2130,Both,4,9240000.0,3113000.0
PID24,SQAINVDRTA,17.8108,PD24.raw,2387,AMELX-unique,1,921000.0,250000.0
PID24,SQAINVDRTAL,24.4314,PD24.raw,4240,AMELX-unique,1,2330000.0,771000.0
PID24,SQAINVDRTALVL,32.753,PD24.raw,6715,AMELX-unique,1,1720000.0,274000.0
PID24,SQAINVDRTALVLTP,33.4523,PD24.raw,6886,AMELX-unique,1,7760000.0,2600000.0
PID24,SQAINVDRTALVLTPLK,34.3785,PD24.raw,7148,AMELX-unique,3,8460000.0,2886000.0
PID24,SQQHPPTH,13.9537,PD24.raw,1426,AMELX-unique,2,1550000.0,580000.0
PID24,SQQHPPTHT,14.8163,PD24.raw,1628,AMELX-unique,1,306000.0,96000.0
PID24,STDKTKREEVD,17.9822,PD24.raw,2430,AMELX-unique,11,1540000000.0,275000000.0
PID24,SYEVLT,27.518,PD24.raw,5207,Both,1,1668000.0,346000.0
PID24,SYEVLTP,31.6821,PD24.raw,6481,Both,1,5860001.0,2310001.0
PID24,SYEVLTPL,41.0097,PD24.raw,9148,Both,4,59201000.0,8739000.0
PID24,SYEVLTPLK,29.9336,PD24.raw,6032,Both,8,187595001.0,56692001.0
PID24,SYEVLTPLKW,38.7644,PD24.raw,7999,Both,6,16682000.0,9022000.0
PID24,SYEVLTPLKWY,37.3968,PD24.raw,7992,Both,1,923000.0,242000.0
PID24,SYEVLTPLKWYQ,39.9395,PD24.raw,8801,Both,4,38002000.0,13533000.0
PID24,SYEVLTPLKWYQSIRPPYP,46.3553,PD24.raw,10054,AMELX-unique,3,5230000.0,2335000.0
PID24,SYGYEPMG,19.3184,PD24.raw,2821,Both,1,2780000.0,530000.0
PID24,SYGYEPMGG,18.9755,PD24.raw,2741,Both,1,2080000.0,361000.0
PID24,TALVLTPLK,28.0862,PD24.raw,5350,AMELX-unique,1,4440000.0,1730000.0
PID24,TDKTKREEVD,18.129,PD24.raw,2611,AMELX-unique,9,738000000.0,157000000.0
PID24,TKREEVD,16.0956,PD24.raw,1877,AMELX-unique,1,22700000.0,11200000.0
PID24,TLEAWPS,23.4312,PD24.raw,4023,AMELX-unique,1,433000.0,153000.0
PID24,TLEAWPSTDKTKREEVD,24.4609,PD24.raw,4430,AMELX-unique,5,21651000.0,28440000.0
PID24,TLQPHH,15.4625,PD24.raw,1736,Both,1,808000.0,330000.0
PID24,TPLKWYQ,24.5299,PD24.raw,4315,Both,2,11330000.0,5670000.0
PID24,TPLKWYQSIRPPYP,39.022,PD24.raw,8505,AMELX-unique,1,8130000.0,4649000.0
PID24,VDRTALVLTPLK,30.8456,PD24.raw,6119,AMELX-unique,1,2740000.0,983000.0
PID24,VLTPLK,20.2217,PD24.raw,3077,Both,2,15900000.0,6310000.0
PID24,VLTPLKW,29.6119,PD24.raw,5775,Both,3,2300000.0,1514000.0
PID24,VLTPLKWYQ,32.4725,PD24.raw,6630,Both,2,13900000.0,6500000.0
PID24,YENSHSQAINVDR,19.7965,PD24.raw,2953,Both,1,1597000.0,556000.0
PID24,YEPMGGW,21.3468,PD24.raw,3387,Both,1,10400000.0,5750000.0
PID24,YEVLTPL,35.8766,PD24.raw,7595,Both,1,1826000.0,398100.0
PID24,YEVLTPLK,26.0638,PD24.raw,4785,Both,10,727606000.0,114720000.0
PID24,YEVLTPLKW,33.0415,PD24.raw,6847,Both,2,32430000.0,23110000.0
PID24,YEVLTPLKWYQ,36.6105,PD24.raw,7898,Both,1,62720000.0,27500000.0
PID24,YEVLTPLKWYQSIRPP,41.2928,PD24.raw,9033,AMELX-unique,1,4380000.0,1642000.0
PID24,YEVLTPLKWYQSIRPPYP,43.52,PD24.raw,9559,AMELX-unique,3,16390000.0,8080000.0
PID24,YINFSYEVL,46.4806,PD24.raw,10061,Both,1,1160000.0,264000.0
PID24,YINFSYEVLTPLK,42.3726,PD24.raw,9391,Both,3,30182000.0,7339000.0
PID24,YQSIRPPYP,25.8346,PD24.raw,4692,AMELX-unique,1,39560000.0,19730000.0
PID24,YQSIRPPYPSY,27.5544,PD24.raw,5187,AMELX-unique,1,2340000.0,896000.0
